{
  "Routes": [
    {

      "DownstreamPathTemplate": "/api/Company",
      "DownstreamSchema": "https",
      "DownstreamHttpMethod": "GET",
      "RouteIsCaseSensitive": false,
      "DownstreamHostAndPorts": [
        {
          "Host": "localhost",
          "Port": "7299"
        }
      ],
      "UpstreamPathTemplate": "/api/v1.0/market/company/getall",
      "UpstreamHttpMethod": [ "Get" ]
    },
    {

      "DownstreamPathTemplate": "/api/Company/{everything}",
      "DownstreamSchema": "https",
      "DownstreamHttpMethod": "GET",
      "RouteIsCaseSensitive": false,
      "DownstreamHostAndPorts": [
        {
          "Host": "localhost",
          "Port": "7299"
        }
      ],
      "UpstreamPathTemplate": "/api/v1.0/market/company/info/{everything}",
      "UpstreamHttpMethod": [ "Get" ]
    },
    {

      "DownstreamPathTemplate": "/api/Company/{everything}",
      "DownstreamSchema": "https",
      "DownstreamHttpMethod": "DELETE",
      "RouteIsCaseSensitive": false,
      "DownstreamHostAndPorts": [
        {
          "Host": "localhost",
          "Port": "7299"
        }
      ],
      "UpstreamPathTemplate": "/api/v1.0/market/company/delete/{everything}",
      "UpstreamHttpMethod": [ "DELETE" ]
    },
    {

      "DownstreamPathTemplate": "/api/Company",
      "DownstreamSchema": "https",
      "DownstreamHttpMethod": "POST",
      "RouteIsCaseSensitive": false,
      "DownstreamHostAndPorts": [
        {
          "Host": "localhost",
          "Port": "7299"
        }
      ],
      "UpstreamPathTemplate": "/api/v1.0/market/company/register",
      "UpstreamHttpMethod": [ "POST" ]
    },
    {

      "DownstreamPathTemplate": "/api/Stock",
      "DownstreamSchema": "https",
      "DownstreamHttpMethod": "POST",
      "RouteIsCaseSensitive": false,
      "DownstreamHostAndPorts": [
        {
          "Host": "localhost",
          "Port": "7299"
        }
      ],
      "UpstreamPathTemplate": "/api/v1.0/market/stock/add",
      "UpstreamHttpMethod": [ "POST" ]
    },
    {

      "DownstreamPathTemplate": "/api/Stock/{code}/{startdate}/{enddate}",
      "DownstreamSchema": "https",
      "DownstreamHttpMethod": "GET",
      "RouteIsCaseSensitive": false,
      "DownstreamHostAndPorts": [
        {
          "Host": "localhost",
          "Port": "7299"
        }
      ],
      "UpstreamPathTemplate": "/api/v/1.0/market/stock/get/{code}/{startdate}/{enddate}",
      "UpstreamHttpMethod": [ "Get" ]
    }
  ],
  "GlobalConfiguration": {
    "BaseUrl": "https://localhost:7063"
  }
}
